param,value
a,56492.8010372464
b,-177586.55854462853
c,-4654.271675031812
k,446.3487943882584
x_max,-0.01097137890753636
d,0.0
A,0.2228277829748836
C,-0.2228277829748836
